{
    "channels": {
        "-1001687455098": {
            "name": "11 \u0431",
            "invite_link": null,
            "count": 29,
            "members": [
                974408314,
                1008304553,
                1978803902,
                1106877037,
                959970015,
                978762336,
                688712536,
                1692698111,
                1190710066,
                1585173656,
                6073239251,
                1021711974,
                1323289957,
                1064547132,
                453873910,
                979275268,
                1329400668,
                757673660
            ]
        },
        "-1002090619217": {
            "name": "\u0422\u0415\u0421\u0422 \u0411\u041b\u042f\u0422\u042c",
            "invite_link": "https://t.me/+H1yLq6cVJBExZTUy",
            "count": 4,
            "members": [
                959970015,
                974408314,
                1692698111
            ]
        },
        "974408314": {
            "name": null,
            "invite_link": null,
            "count": 2,
            "members": [
                974408314
            ]
        }
    }
}